user_id,name,email,bio,followers_count,following_count,location,join_date
platform_2_user_0,Melissa Thomas,tdiaz@example.org,"Huge around public authority officer. Impact during eye draw happy long.
Power physical red.
Energy something season job let. Race public feel than. Too material pretty I.",928,23,West Janet,2024-03-11
platform_2_user_1,Justin Hendricks,brian09@example.net,"Old case black tell realize never live heavy. Sit play Mr forward professional as difference. Authority usually strategy plan.
Child nearly gun attention film rest. Simple tough analysis against.",522,193,Derekburgh,2025-04-19
platform_2_user_2,Amy Carroll,kim89@example.net,"Exactly pick help trip sport image. Bring enough risk.
Property name today play always coach. Near southern national total. Way radio individual along right.
Girl company rate knowledge.",613,119,West Nathan,2024-07-03
platform_2_user_3,joseph.harper,tina01@example.net,Decision reduce collection event adult. I may good program event to thus. Note capital specific not study teacher music anything.,399,119,North Jill,2023-01-07
platform_2_user_4,Alexa Wang,douglas62@example.com,"Without when break church do because group.
Stay middle special others project large lead. Reason summer very challenge cold authority. Manager spend see without teach forget.",71,348,Bradleyfurt,2024-02-17
platform_2_user_5,Robin Williams,yjohnson@example.net,Production west window technology culture project down. Different environment face enter enter difficult door. Food organization or everything loss. Away get black Mr partner.,686,363,Maddenport,2021-01-09
platform_2_user_6,Matthew Marshall,jonesmichael@example.org,Simply world pull argue guy practice Democrat. Show hospital sense common. Your tell use late woman far.,598,424,North Brandon,2023-06-09
platform_2_user_7,ErinMartin,sabrinawinters@example.org,"Follow fight usually people account.
Family data part guess.
Want wonder kitchen section unit increase heart. Capital up through and behavior off. Dog carry good.",811,163,Brentton,2024-08-26
platform_2_user_8,Stuart Thomas,jnicholson@example.net,"Before idea one truth serious service type current. World many key current indicate.
Cost wind employee successful guess general. Program outside include.",290,388,East Katrina,2023-05-22
platform_2_user_9,Thomas Blevins,martingarza@example.net,Just fall give nation important away. Section analysis policy.,24,240,New Christopher,2021-05-03
platform_2_user_10,Kenneth Wolf,jennifer84@example.org,"And list perform leave describe help.
Summer level development mouth. Beat recently big above skin community school. Too local interview gas price whole listen.",328,282,Rodriguezchester,2021-08-28
platform_2_user_11,Melvin Mccarty,navarrogregory@example.net,"Because quite agree dinner teacher risk. Around letter man.
Far someone person detail best. Collection national support at year street southern news.",780,164,North Robertmouth,2025-03-24
platform_2_user_12,Travis Townsend,william04@example.com,"Never news commercial lose lead. Exactly lay base without.
Water very skin simply. Its increase second hotel. Bank store enter war finish blood fear.",598,486,Lake Sabrinaview,2025-06-03
platform_2_user_13,Colon,dmills@example.com,"Watch under order point program order value. Town subject central. Eye institution exactly.
Wonder edge trip fill such rule. Fire win image. Race doctor clearly rich test teacher shake.",191,66,West Becky,2021-11-09
platform_2_user_14,Jordan Salazar,michael12@example.net,"From education truth animal glass standard.
Production you sit class writer. Walk picture full they arrive. Official staff prevent film.",47,487,North Joseph,2024-01-19
platform_2_user_15,Donald Garcia,tiffanydaugherty@example.net,"Almost exist argue also speech rest. Fire environmental person no popular.
Choose whole realize clear sister stage. West three agent security hear produce nation.",620,297,South Scotthaven,2025-02-15
platform_2_user_16,Melanie Kim,crosscourtney@example.org,"Accept they bank light start relate. Spend fine pay ok cell wonder material. Friend face if authority or.
Management now benefit material argue chance. Plan along admit ever brother deep.",861,251,Victoriaton,2024-10-14
platform_2_user_17,Nathan Hughes,davisgary@example.com,"He support instead necessary few heart. Service any you produce beautiful.
Sometimes send art on stage lay on. Doctor husband home road.",769,243,East Kenneth,2021-10-03
platform_2_user_18,Christine Mcclure,jamesmorgan@example.org,Drive about official attack leader official. Participant address national woman south kid. Decision especially traditional group stand heart.,224,432,Lake Robert,2020-12-09
platform_2_user_19,Jason Wagner,bwilliams@example.com,Coach morning tell painting decision exist sell. Commercial instead next series good federal here.,756,176,Gallegosville,2024-03-03
platform_2_user_20,Crystal Green,tyrone12@example.net,Security page record able attack education. Country stop others effect story. Cup central new well full look.,391,458,Erictown,2020-12-28
platform_2_user_21,MatthewSmith,jmontgomery@example.com,"Time matter central foot dinner produce look. Risk any shake case rule member reflect exactly.
Area hear offer garden my. Region their popular across stop member poor.",645,300,Geraldberg,2023-04-19
platform_2_user_22,Nicholas Mclean,jenningsjohn@example.org,"Night same some card may wife much. Experience task professor modern south alone worker.
Whether help claim guess. Compare school develop arm full near.",16,44,Port Maureenton,2020-09-24
platform_2_user_23,Emily,kimberlyortiz@example.org,"Court hot accept response return. Plant buy world low southern agent sense. New American church pass.
Skin long yes accept shake understand. Instead ago response value.",38,430,Reyeschester,2025-02-02
platform_2_user_24,Joseph Bell,tcarroll@example.org,"Ahead drug appear crime. Star analysis position. Just office accept own concern listen accept.
Say sea evidence. Wait letter nature wall fund view girl.",602,165,New Aaronmouth,2022-03-25
platform_2_user_25,MichaelDodson,amanda24@example.com,"Glass real position. Throughout care own tax compare history. Least assume lawyer a officer story factor newspaper.
Scientist western most. According change name mission occur stock.",828,267,Taylorport,2020-11-22
platform_2_user_26,alexa.shelton,xli@example.com,"Score we we task season nature concern. Year building off in listen.
Daughter newspaper media cup north from. Someone teach local doctor.",952,252,Wilcoxberg,2025-05-25
platform_2_user_27,Bonnie Carson,laura38@example.net,"Week three sea enough recognize fly. Down community around such.
House water order heavy perform. Management region design onto size lose edge. Particularly my mouth cell.",330,70,Timview,2022-08-01
platform_2_user_28,Kelsey Mitchell,todd24@example.org,Officer upon man market. Rich key early federal population nor between.,575,25,Gutierrezchester,2024-01-31
platform_2_user_29,Jennifer Soto,jermainewhite@example.com,"War party place yes season successful. Last their ball would specific. Reveal avoid officer when to main.
Radio big close school true send strategy per. Among degree value.",167,348,Port Misty,2025-05-09
platform_2_user_30,Katherine Jones,ldunlap@example.org,Fund only Democrat despite child. Away age specific meeting address.,557,396,Marquezside,2023-01-11
platform_2_user_31,Christopher Lopez,michaellozano@example.org,"Stage every voice very. First contain forget husband.
Nice name win suddenly south who.
National series why serious agent. Set different wide strategy benefit you democratic.",997,429,Anthonyfurt,2023-08-11
platform_2_user_32,Dylan Sanchez,david18@example.org,Finally people door interview. Not actually water apply south. Network herself general would hot. Section become good.,209,110,West Robinhaven,2024-02-01
platform_2_user_33,Jennifer Martinez,anthony42@example.org,Science say know technology focus. Player station relationship challenge image. Game already about fine voice.,480,249,North Kennethstad,2024-04-27
platform_2_user_34,James Melton,wwashington@example.net,"Single everybody ball job often former natural. Administration wife officer wish.
Reason big short. Month training hot many go. White hear field finally meeting.",830,250,New Terri,2024-05-26
platform_2_user_35,Manuel Franklin,whaynes@example.org,"Daughter peace small they year. Management all PM thank my. North collection those.
Trial avoid war chance build church describe.",718,131,Port Annamouth,2022-03-15
platform_2_user_36,Regina Johnson89,kennethosborne@example.org,"Follow eight represent huge pick effort because. Usually stand church meet answer.
Member end recognize board effect owner. Source moment speak event center including everything simply.",283,241,South Justin,2021-05-22
platform_2_user_37,Cassandra Taylor,steven20@example.com,Rest goal word say whole sort study stock. May star stay bed ago population citizen personal.,188,70,Alexanderborough,2025-06-01
platform_2_user_38,Stephen Grant,ucruz@example.net,"Method court piece. Result about son eight whole entire term above. Star list guy a painting book team.
Them word purpose month. Mission amount state step store.",804,449,West Paulstad,2021-01-09
platform_2_user_39,BrandonHernandez,arnoldkatie@example.com,Society everyone since treat learn assume likely. Race but herself score wear support.,144,144,North Gary,2020-06-18
platform_2_user_40,Evan Williamson,ryan88@example.com,"Where dream many. Young civil bag quickly. Wrong and reach response off them lot accept. Fear know pay first.
Air product forget carry start deep. Smile order fall back claim girl. Wonder keep east.",557,122,Port David,2021-10-09
platform_2_user_41,Andrew Hart,angelaking@example.com,"Religious should body first statement should. Site several police difficult.
Score plant project after describe entire.
Break treatment stay art. Why visit third science side sport.",10,138,Barberburgh,2024-06-02
platform_2_user_42,Phillip Shannon,tarajackson@example.org,"Subject test wait friend language. Station water young foot age contain kind.
Summer religious keep policy. Keep note season person should majority.",262,435,South Heidi,2022-08-23
platform_2_user_43,Sheila Ramirez,lwalter@example.com,"Two song eat father. Nearly girl state recent happen.
Mr force sport whose. New two national air as generation. Young during like.
Often chance century him. Already lawyer good trip much few.",469,135,Delgadofurt,2023-04-30
platform_2_user_44,Lisa Maldonado,hansonchristina@example.net,Lay can affect. Including feeling paper white. Second right interest might up organization wind.,772,169,South Dawn,2024-03-16
platform_2_user_45,Mark Morales,bryananita@example.com,Development war away bag practice. Always nothing detail. Where point wife whatever condition. Own bank manage type wall human.,387,368,Marybury,2022-04-22
platform_2_user_46,Tony Strickland,amy71@example.com,"Through study nearly lead. Hour morning teach continue.
Responsibility head nothing enough that question. Reveal hard look lead.",583,486,South Michael,2022-04-08
platform_2_user_47,Jennifer Smith,rzuniga@example.com,"Air me large whom perhaps action boy property. Natural subject trade rest turn begin high.
Task commercial dark. Own population your condition all. Challenge list exist.",496,308,New Frederickshire,2022-10-27
platform_2_user_48,Jennifer Johnson,kimberlyhart@example.com,"Identify social give majority and. Culture effort school customer woman later.
Sort TV fire national. Rule dog price short edge.
Anything hit room history month report. Heavy sport speak fire.",481,50,West Stephen,2023-03-16
platform_2_user_49,Christian Conrad,rochakerry@example.net,"Friend hand total special town ground generation former. Pm agent anything break.
Rise event hotel dog voice. Pull drop unit science would beat.",522,319,Smithbury,2023-11-11
platform_2_user_50,Willie Evans,adrienne85@example.net,Understand line foreign film. Question nation method father amount story. Star side also network.,825,488,Leonton,2024-11-21
platform_2_user_51,Laura Ruiz,ocunningham@example.org,Themselves way time girl control. Necessary drive good inside. Part rest base kid pay tax later. Day arm technology evening tree pass.,104,287,New Veronicamouth,2022-02-18
platform_2_user_52,Dustin Wilcox,tiffany35@example.com,None law myself government sport. Together morning various foreign. Today into risk term. Matter network society professor guy off.,586,332,New Jesse,2023-05-15
platform_2_user_53,Molly Brewer,vasquezsarah@example.org,Against wife occur place writer suffer rather responsibility. Month meeting or view walk want. Middle option early race.,726,122,Russellfort,2023-04-28
platform_2_user_54,Kenneth Page,patrick55@example.net,Trip family bag direction. Go sound fear individual. Accept against major represent.,554,398,Fischerbury,2024-11-03
platform_2_user_55,Samantha Chase,murphyolivia@example.com,Range director fact reason huge. Investment him water never film argue window. Head art my test direction. Or wall kid store serious.,849,414,Branchshire,2021-03-18
platform_2_user_56,jeffrey cortez,deborahkelly@example.com,Describe information respond speak again new. Popular soon message travel spring. Forget two record choice college edge play.,458,465,Thomasfort,2024-05-10
platform_2_user_57,Christopher,ojackson@example.org,"Next blue detail president glass father animal. Move under set attack everyone positive give.
Let election sense carry.",266,410,Kimside,2022-01-16
platform_2_user_58,Gabriella Barton,matthewwilson@example.org,Sign mouth popular message assume hope partner. Environmental policy challenge born sport likely recent. Purpose give phone indeed.,279,147,Stacyfort,2023-08-27
platform_2_user_59,Susan Medina,derekcowan@example.net,"Case face foreign decide after too. No western clear same.
Laugh store president western those. Impact realize worker new determine piece.",333,466,South Micheal,2024-04-24
platform_2_user_60,isabella.johnson,riosalison@example.com,"Author parent time budget recently. Local church whole police. Few rock customer most without stage.
Allow deal value draw now form. Subject bad his happy thought.",118,464,Port Derrickfort,2023-06-15
platform_2_user_61,Kevin Gibson,troyflynn@example.net,"Particular into behind book chance later see agent. Little particularly happen southern contain well both. Strong personal rest.
Well anything him catch. Bank like whatever enough yard.",213,394,Shafferview,2020-10-03
platform_2_user_62,Sheila Meadows,riverakristen@example.com,"Space sense prevent. Son book rather good.
End former arm fall product wall. Her pretty draw project degree.",818,438,New Heatherberg,2022-09-19
platform_2_user_63,Ashley Fuentes,shaweric@example.com,Improve quality term try claim pull talk why. Nature future edge majority too.,937,417,North Kathleen,2024-08-26
platform_2_user_64,Jason George,eowens@example.org,"Person how board door economy. Enjoy often political wife certainly garden professional. Specific reach finish back writer.
Blood skill more high firm Mrs. Sea garden audience chair.",729,60,East Brianfort,2020-06-11
platform_2_user_65,Evan Lin,angelicagarcia@example.net,"Wonder for he financial boy resource. Reach bring strong rule our service along. Blue of positive top strategy.
Few care reduce structure those.",298,419,Woodwardland,2022-01-16
platform_2_user_66,Dorothy Barton,anthonyromero@example.com,"Better though who environmental return fill simple. Discuss their heavy card size.
Administration paper movement want physical play. Bed bit easy put important.",948,251,Lake Jessicafurt,2022-12-11
platform_2_user_67,Emma Aguilar,nelsonjoshua@example.com,"Number oil reality finally every list. Evidence example culture off because drop. Lay size ok month.
Imagine impact possible prove four building. Employee work sell race need I according treatment.",23,85,Baxterfort,2024-03-02
platform_2_user_68,Jeffery Lynch,jonesaaron@example.com,"Short one its role use bit mind security. Traditional figure much issue speech.
Look build audience care Congress with strong.",380,298,Gregoryborough,2024-10-29
platform_2_user_69,Charles Perry,robinholloway@example.net,"Visit indicate pressure trouble Republican under far.
Approach such also set record total. Sometimes herself area happen.",750,217,South Kim,2024-10-16
platform_2_unique_0,Jennifer Faulkner,palmersarah@example.com,"Else per activity.
Account although kind forward. Little race example draw.
Recently move believe standard state work arm. You gun design floor even.",609,93,Rosefort,2022-07-21
platform_2_unique_1,Alexandra Simpson,perrythomas@example.org,"Serious sport relate any. Contain class analysis without. Pass plan stage.
Bill media service reach school. Expert indeed last. Adult little why seem form performance.",887,161,Hardingborough,2024-12-06
platform_2_unique_2,Diana Fox,kellison@example.net,"Use however whose seat ask box. Bag forget attack event about right.
Season thing wall particular exist couple great. Guy will before area common poor care.
Care name catch produce.",595,456,Brianchester,2022-01-19
platform_2_unique_3,Eric Jenkins,jefffuentes@example.net,Push debate true result according. Put guy life the year worry best pass. Similar thought pretty event according brother ball.,381,157,Dunnville,2025-05-07
platform_2_unique_4,Patricia Jones,esmith@example.com,"About tough type amount prepare summer. Agree career health debate half hope stand.
Camera discussion respond various woman live popular. Develop cold degree who executive.",256,215,Port Monica,2021-08-10
platform_2_unique_5,Mary Morgan,christinerogers@example.net,Occur know become discussion national. Yourself realize if camera everyone still nothing certainly. Water simply leader sell will personal gun. Lawyer hot floor work less bring design.,380,220,East Toddshire,2024-11-10
platform_2_unique_6,Taylor Williams,kburton@example.com,"Week letter cell sure interest a this.
Kid trade start describe which stuff. Treatment draw medical recognize reflect task.
Build firm break old serve be. As stock fear note crime size kid.",220,286,East Markbury,2023-07-09
platform_2_unique_7,Thomas Li,maria56@example.org,"Present several deep remember miss. Site be family peace never. Performance lawyer near about turn report.
Movement artist agree mind specific artist.",529,255,South Ryan,2024-08-03
platform_2_unique_8,Christopher Rich,bakerrichard@example.org,Open religious candidate beyond new accept car all. Year already put to thank imagine north institution.,336,246,Liumouth,2022-08-21
platform_2_unique_9,Jennifer Johnson,tiffanylove@example.net,"Measure particularly control hard foot reality.
Particularly return almost chair all. Beautiful area city clear full city good. Else someone director church political.",642,111,Patriciatown,2022-07-20
platform_2_unique_10,Ruth Pruitt,chelsea53@example.org,"Analysis north operation performance. Ok morning writer woman once road sister.
Race cell respond or blue. Outside edge good ago art cup friend leave.",371,382,Farmerberg,2023-04-10
platform_2_unique_11,Chelsea Gray,hamiltonkatherine@example.net,"However us stock perform sit forward. Reason letter statement begin offer safe reality. Tough church our resource at listen. Hotel everyone record now.
Blood water successful indeed send his.",202,184,Port Susan,2023-08-27
platform_2_unique_12,Michael Rogers,michele10@example.com,"Probably result catch yes mean. Option happy avoid cost fast.
Catch fine ahead memory. Body by wish election this young car. Society travel keep security stage far.",757,191,Rosefort,2022-11-19
platform_2_unique_13,Donna Perez,ehoward@example.org,"Staff could high pass wish peace. Yes yet phone wish.
Through trade speak by court land.
Parent yeah big room quality down. Country heart air.",765,63,Rodneystad,2023-03-02
platform_2_unique_14,Danielle Harrington,mejiayvonne@example.com,"Full participant relate. Factor fact room direction customer behind. Team social example.
Laugh we work not gun respond. Enter short get house only third.",252,25,East Dennisberg,2020-12-23
platform_2_unique_15,Jay Sutton,rvincent@example.com,"Money expect drive memory so decade call.
Social sport near parent. Education parent choice certain trouble. Nor the born debate situation stuff commercial.",573,394,Mathewsfort,2024-08-10
platform_2_unique_16,Alison Bennett,padillasean@example.org,Several maybe yard me. What listen relationship figure evidence arm. Even another involve low.,971,163,North Loriport,2021-12-23
platform_2_unique_17,Nicholas Watkins,martinstefanie@example.net,"White pressure stop fine total newspaper. Health so trial.
Wide defense mouth four. Strategy want work program security main tax.
Song just save. As vote before throw find mean.",364,85,New Brenda,2020-11-04
platform_2_unique_18,Zachary Fletcher,nicholas56@example.org,Yourself agent science. Agreement lawyer provide role crime into. Against peace example long clear.,863,359,New Monica,2022-03-28
platform_2_unique_19,Christine Simmons,jack55@example.com,"Institution course way these me so. Require hot hard stuff piece chance pass would. Raise attention officer.
Senior next test goal nor. Decision despite stuff lawyer discussion support sing.",136,392,Mckenzieland,2021-01-01
platform_2_unique_20,Michael Ramos,danielwilliams@example.org,"Large factor enter Mrs daughter lay yes outside. Increase no see song say wonder. Activity heart cost house adult film almost.
Read author training bag public mother among. Easy foot car man.",857,171,Shirleymouth,2023-02-19
platform_2_unique_21,David Harris,david40@example.com,"Serious just everyone situation pattern hit week style. Simple party its structure light artist lawyer. Poor voice support state physical.
Help right often prove well once. Hair whom religious need.",544,316,Tracymouth,2024-10-11
platform_2_unique_22,Elizabeth Adams,ryanadams@example.org,Minute could different newspaper. End meet mouth happen. Family purpose everything really manager after hold. Simple place question thought art good two.,557,462,Cathyburgh,2020-07-26
platform_2_unique_23,Debra Mckee MD,oliviacross@example.net,"Money so security. Move rather cell raise thing.
Contain Republican include painting woman employee truth. Future water pattern education. Anything rich present fact drop method movie.",266,126,Baileyfurt,2020-08-12
platform_2_unique_24,Omar Jackson,lwilson@example.org,About foot something beat indicate line. Anything hair work future herself age until. Four shake may pattern will billion.,235,410,Jonathanland,2021-08-22
platform_2_unique_25,Daniel Powers,colleen35@example.org,"In sense ready might. Figure dinner several part central require to. Decide itself to live put.
Wish time heart fight rule. Author if read price. Unit give enough modern just.",795,119,East Patriciaborough,2024-10-04
platform_2_unique_26,Cynthia Lam,rossdanielle@example.org,Sister standard really smile prevent. Standard chance win test fill organization.,740,437,North Markberg,2021-06-24
platform_2_unique_27,Brian Benson,schmidtalisha@example.org,Million whatever authority choose before. May media cost. And direction administration your appear point affect.,525,28,Kaitlinmouth,2023-02-24
platform_2_unique_28,Jeffrey Adams,scottfreeman@example.net,Check training return. Crime cost market international air. Attorney task water create truth add receive. Garden sure hot rock class.,571,219,Hunterview,2021-08-13
platform_2_unique_29,Megan Bullock,scarr@example.net,"Court until nation deal anyone. Red population ready author ability leader.
Friend statement newspaper story degree break.",698,369,Lake Brandifurt,2023-05-12
