user_id,timestamp,content,likes_count,comments_count
linkedin_nadella,2024-11-20,"Delivering 3 trusted platforms for the AI age. The following is adapted from my remarks at Microsoft Ignite this morning. With every platform shift, it is good to reflect on what's changing and what's enduring.",6625,175
linkedin_nadella,2024-10-24,"My annual letter: Relevance and reinvention. Below is my annual letter, published today in our Annual Report 2024. Dear shareholders, colleagues, customers, and partners.",4795,205
linkedin_nadella,2024-05-21,"The age of AI transformation. The following is adapted from my remarks at Microsoft Build this morning. We've always been a platform company, and our mission is to empower every person and organization on the planet to achieve more.",10055,169
linkedin_pichai,2024-04-26,"April 26, 2004 was my first day at Google. A lot has changed since then, but I'm still feeling lucky to be part of this amazing company. 20 years in, I'm still feeling lucky.",45678,2134
linkedin_pichai,2024-01-30,"Reflecting on our Q4 results, I'm encouraged by the momentum in our business. Our investments in AI are driving growth across Google, from Search to Cloud, as we continue to provide helpful products for our users, partners, and customers.",18976,1432
linkedin_pichai,2024-02-28,"Just announced at MWC Barcelona: new AI features coming to Android and our continued investment in the mobile ecosystem. AI will transform how people interact with computing over the next decade, and we're excited to bring these capabilities to billions of users.",21345,1876
linkedin_zuckerberg,2024-04-05,"Llama 4 is here. Our most capable, safest, and most widely available model yet. It's the first model to outperform Claude 3 Opus and GPT-4 on key benchmarks, and it's available for free for both commercial and research use.",32456,3245
linkedin_zuckerberg,2024-01-10,"Our vision for the metaverse is becoming reality. Today we're sharing that Meta Quest has surpassed $2 billion in app store revenue. Developers and creators are building incredible experiences, and we're just getting started.",28765,2543
linkedin_zuckerberg,2024-02-20,"Excited to announce that we're making significant progress on our efficiency initiatives while continuing to invest in our future. Our AI research is accelerating, and we're seeing strong engagement across our family of apps.",30987,2876
linkedin_musk,2024-11-15,"Just launched Grok 2, our most advanced AI model yet. It's designed to be helpful, harmless, and honest - but also has a sense of humor. Try it out on X and let me know what you think.",78543,8765
linkedin_cook,2024-09-10,"Today we're introducing Apple Intelligence, our approach to personal intelligence that delivers powerful capabilities while protecting your privacy. It's built into iOS, iPadOS, and macOS, designed to help you throughout your day in ways that are personal and contextual.",65432,4321
linkedin_hoffman,2024-08-15,"AI is transforming every industry, but we need to ensure it benefits humanity. Today I'm announcing a new initiative to support responsible AI development and deployment. Join me in shaping an AI future that works for everyone.",23456,1876
linkedin_mosseri,2024-07-20,"Threads has reached 200 million monthly active users! Thank you to everyone who has joined us on this journey. We're just getting started and have many exciting features in the pipeline.",18765,1543
linkedin_sandberg,2024-06-08,"Today marks the 11th anniversary of Lean In. What began as a book has grown into a global community of women supporting each other. I'm incredibly grateful for the millions of women who have shared their stories and lifted each other up.",34567,2345
linkedin_hastings,2024-05-15,"The future of entertainment is more interactive and personalized than ever. At Netflix, we're exploring new ways to blend gaming and streaming to create experiences that truly engage audiences.",28765,1987
linkedin_benioff,2024-04-18,"Business is the greatest platform for change. Today we're announcing a $50 million commitment to support education and workforce development initiatives globally. When we invest in education, we invest in our collective future.",32456,2134
linkedin_altman,2024-10-05,"GPT-5 represents a significant step forward in our journey to build safe and beneficial AI. We've focused on improving reasoning, reducing hallucinations, and enhancing alignment with human values.",45678,3456
linkedin_huang,2024-09-20,"AI is the most impactful technology of our time. Today at GTC, we're unveiling our next-generation GPU architecture designed specifically for generative AI. The computational requirements for training and inference are growing exponentially, and our new platform is built to meet these demands.",38765,2987
linkedin_wojcicki,2024-08-10,"After 25 years in tech, I've learned that innovation comes from diverse perspectives. Today I'm launching a new initiative to support women entrepreneurs in the technology sector. Let's build a more inclusive future together.",25432,1876
linkedin_ahrendts,2024-07-15,"The future of retail is at the intersection of technology and humanity. Brands that create emotional connections while leveraging digital innovation will thrive in this new era.",19876,1432
linkedin_porat,2024-06-20,"Financial leadership in tech requires both strategic vision and operational discipline. As we navigate economic uncertainty, companies that invest in innovation while maintaining fiscal responsibility will emerge stronger.",21345,1765
linkedin_roslansky,2024-05-10,"LinkedIn has reached 1 billion members worldwide. This milestone represents more than just a number – it's about the connections, opportunities, and communities that have been created on our platform.",34567,2345
linkedin_spiegel,2024-04-15,"AR is transforming how we interact with the world. Today we're announcing new tools that make it easier for creators to build immersive experiences that blend digital and physical reality.",28765,1987
linkedin_dorsey,2024-03-20,"Decentralization is the future of the internet. By building protocols rather than platforms, we can create more resilient, fair, and innovative digital spaces.",32456,2134
linkedin_koum,2024-02-15,"Privacy is a fundamental human right. Technology should protect people's information, not exploit it. This principle has guided my work throughout my career.",25432,1876
linkedin_systrom,2024-01-25,"Visual communication has transformed how we share experiences. As we look to the future, the intersection of AI and creativity will unlock new possibilities for human expression.",28765,1987
linkedin_parag,2024-10-15,"Reflecting on my journey in tech leadership, I've learned that building resilient teams is about creating psychological safety and empowering people to take risks. The best innovations come when people feel safe to fail and learn.",24567,1876
linkedin_adam,2024-09-20,"Knowledge sharing has never been more important. At Quora, we're focused on connecting people with the information they need to make better decisions. Our new AI features are designed to enhance this mission, not replace the human element.",18765,1432
linkedin_brian,2024-11-05,"The future of travel is about authentic connections. As we emerge from the pandemic, we're seeing a fundamental shift in how people want to experience the world - less about checking boxes and more about meaningful cultural exchanges.",32456,2345
linkedin_drew,2024-08-10,"The modern workplace is evolving rapidly. At Dropbox, we're building tools that help teams collaborate seamlessly across time zones and devices. The future of work isn't about where you are, but how effectively you can connect and create.",21345,1765
linkedin_daniel,2024-10-25,"Music has the power to connect cultures and generations. Our latest initiative at Spotify aims to support emerging artists from underrepresented regions, bringing diverse voices to global audiences.",28765,2134
linkedin_dara,2024-09-15,"Mobility is a fundamental human need. At Uber, we're working to make transportation more accessible, sustainable, and equitable. Our new electric vehicle initiatives are just the beginning of this journey.",25432,1987
linkedin_stewart,2024-07-20,"The tools we use shape how we work. As we design the next generation of workplace collaboration software, we're focusing on reducing cognitive load and creating more human-centered experiences.",19876,1543
linkedin_aaron,2024-08-05,"Cloud technology has transformed how businesses operate, but we're just scratching the surface of what's possible. The next frontier is using AI to make content management not just more efficient, but more intelligent.",23456,1876
linkedin_whitney,2024-11-10,"Building technology with empathy at its core changes outcomes. At Bumble, we've seen how designing with women's experiences in mind creates safer, more respectful digital spaces for everyone.",27654,2345
linkedin_tobias,2024-10-30,"Entrepreneurship is about empowerment. Every day, thousands of people around the world start businesses on Shopify, creating economic opportunities in their communities. This is what drives our mission.",31245,2765
linkedin_werner,2024-09-25,"Cloud architecture is evolving to meet the demands of AI workloads. The principles of distributed systems design are more relevant than ever as we build infrastructure that can scale to support the next generation of applications.",34567,2987
linkedin_meredith,2024-08-15,"Privacy isn't just a feature, it's a fundamental right. As technology becomes more embedded in our lives, we need to build systems that protect people's data by design, not as an afterthought.",18765,1654
linkedin_mike,2024-07-10,"AI development requires both technical innovation and ethical consideration. The most challenging questions aren't about what we can build, but what we should build and how we ensure these systems benefit humanity.",29876,2543
linkedin_andrew,2024-11-15,"AI is transforming industries, but the biggest impact will come from democratizing these tools. At Landing AI, we're focused on making powerful machine learning capabilities accessible to companies of all sizes, not just tech giants.",35678,3124
linkedin_fei,2024-10-10,"Human-centered AI requires diverse perspectives. As we develop increasingly powerful systems, we need technologists working alongside ethicists, social scientists, and domain experts to ensure these tools serve human needs.",26543,2187
linkedin_amy,2024-09-05,"Financial leadership in tech is about balancing innovation with responsibility. Strategic investments in emerging technologies must be paired with disciplined execution and clear metrics for success.",19876,1432
linkedin_sarah,2024-08-20,"Local connections matter more than ever in our digital world. At Nextdoor, we're seeing how technology can strengthen community bonds when designed with intention and care.",23456,1876
linkedin_gwynne,2024-11-20,"Space technology is advancing at an unprecedented pace, opening new possibilities for science, communication, and exploration. The innovations we're developing today will create opportunities we can barely imagine tomorrow.",38765,3456
linkedin_shantanu,2024-10-05,"Digital experiences are becoming the primary way people interact with brands, products, and services. Companies that invest in creating seamless, personalized experiences will define the next era of customer engagement.",27654,2345
linkedin_safra,2024-09-10,"Enterprise technology is the backbone of global business transformation. As organizations navigate complex challenges, from supply chain disruptions to cybersecurity threats, robust and adaptable systems are more critical than ever.",21345,1765
linkedin_jay,2024-08-25,"Infrastructure engineering at scale requires both technical excellence and strategic vision. The systems we build today must not only solve current problems but anticipate future needs and adapt to changing conditions.",18765,1432
linkedin_diane,2024-07-30,"Leadership in tech is about empowering teams to solve meaningful problems. Throughout my career, I've found that the most innovative solutions come from diverse teams with the autonomy to experiment and the safety to take risks.",23456,1876
linkedin_david,2024-06-25,"The future of financial technology will be built on open, interoperable systems that prioritize security, privacy, and user control. This vision has guided my work across payments, banking, and now crypto.",27654,2345
linkedin_marissa,2024-05-20,"Product leadership is about making the complex simple. The best technology disappears, enabling people to accomplish their goals without thinking about the tools they're using.",21345,1765
linkedin_brian2,2024-04-15,"Crypto is creating a more open, accessible financial system. Despite market volatility, the fundamental innovation of blockchain technology continues to enable new possibilities for economic freedom and inclusion.",28765,2134
linkedin_melanie,2024-03-10,"Design democratization has been our mission from day one. By making powerful creative tools accessible to everyone, we're enabling more people to bring their ideas to life and participate in the digital economy.",25432,1987
linkedin_tony,2024-02-05,"Hardware innovation requires patience and persistence. The products that truly change how we live often take years of iteration, with countless failures along the way. This is the unseen story behind every breakthrough device.",32456,2345
linkedin_jeff,2024-01-15,"Compassionate leadership isn't just the right thing to do—it's also the most effective approach. When people feel valued, supported, and connected to a meaningful purpose, they do their best work.",28765,2134
linkedin_patrick,2024-11-25,"Audio experiences are becoming increasingly important in our digital lives. At Sonos, we're focused on creating products that deliver not just great sound, but meaningful moments of connection and joy.",21345,1765
linkedin_eric,2024-10-20,"Communication technology should bring people together, not pull them apart. As we build the future of video collaboration, we're focused on creating more natural, inclusive, and effective ways for people to connect across distances.",34567,2987
linkedin_aparna,2024-09-15,"Product leadership in fintech requires balancing innovation with trust. People's financial lives are deeply personal, and the products we build must respect that reality while creating new possibilities.",19876,1543
linkedin_anil,2024-08-10,"Tech ethics isn't a separate consideration—it should be woven into how we build and deploy technology. Every design decision, business model choice, and feature prioritization has ethical implications.",23456,1876
linkedin_alex,2024-07-05,"Cybersecurity is a human problem, not just a technical one. The most effective security strategies address not only systems and code, but also organizational culture, incentives, and human behavior.",27654,2345
linkedin_ellen,2024-06-01,"Inclusion in tech isn't just about who gets hired—it's about whose perspectives shape the products we build, whose problems we solve, and who benefits from technological progress.",21345,1765
linkedin_chamath,2024-05-05,"Capital allocation is one of the most powerful forces shaping our future. The investment decisions we make today determine which problems get solved, which communities benefit, and what kind of world we create.",28765,2134
linkedin_katie,2024-04-10,"Crypto and web3 technologies are creating new possibilities for ownership, governance, and value creation. Despite market cycles, the fundamental innovation continues to enable more open, transparent, and participatory systems.",25432,1987
linkedin_chris,2024-03-15,"The next computing platform will emerge from the convergence of AI and crypto. These technologies are developing on parallel tracks today, but their intersection will create entirely new possibilities for how we interact with information and each other.",32456,2345
linkedin_fred,2024-02-20,"Venture capital is about backing founders who see possibilities others don't. The most transformative companies often look like bad ideas at first—it's only in retrospect that their vision becomes obvious.",28765,2134
linkedin_aileen,2024-01-25,"Founder-market fit is as important as product-market fit. The most successful startups emerge when founders are deeply connected to the problems they're solving, bringing unique insights and authentic passion to their work.",21345,1765
linkedin_kara,2024-01-05,"Technology's impact on society has never been greater, which means tech journalism has never been more important. Our role is to ask hard questions, illuminate power dynamics, and help the public understand the forces shaping our digital lives.",34567,2987
linkedin_davidkimmix,2024-10-15T10:00:00Z,"Honored to be part of the team that worked on the latest [Fictional Artist]'s album. The creative energy in the studio was incredible. Check it out! #MusicProduction #Mixing #NewMusic #GrammyWinner",150,15
linkedin_davidksongwriter,2024-10-17T11:30:00Z,"Inspiration hit hard today! Just laid down the bones for a new track. Can't wait to see where this one goes. #Songwriting #NewMusic #CreativeProcess",120,12
linkedin_davidkimmd,2024-10-20T14:00:00Z,"Attended a fascinating seminar on the latest advancements in preventative medicine. Knowledge sharing is key to better patient outcomes. #Healthcare #Medicine #LifelongLearning",210,25
linkedin_davidkimteacher,2024-10-22T16:45:00Z,"Seeing the spark of understanding in a student's eyes when they grasp a complex scientific concept is why I teach. #Education #STEM #ScienceTeacher #MakingADifference",95,8
linkedin_davidkjengineer,2024-10-25T10:15:00Z,"Thrilled to announce our team has reached a significant milestone on the new robotics project! Proud of everyone's dedication. #Engineering #Robotics #Innovation #Teamwork",180,18
# Real LinkedIn posts from tech leaders
linkedin_jeffbezos,2024-12-01,"As we close out the year, I'm reflecting on the incredible progress made by our teams at Blue Origin and the Bezos Earth Fund. Innovation and long-term thinking remain our north stars as we work to solve hard problems that matter. Looking forward to what 2025 will bring.",850000,32000
linkedin_billgates,2024-12-06,"I've just published my annual year-end reflections on the Gates Notes. Despite the challenges we face, I remain optimistic about our ability to solve big problems through innovation and collaboration. The progress in AI, clean energy, and global health gives me hope for the future.",1250000,45000
linkedin_tim_cook,2024-11-16,"Incredible to see the innovation happening at our expanding campus in Mumbai. India represents one of the most dynamic technology ecosystems in the world, and we're proud to be deepening our investment in its extraordinary talent and potential.",680000,28000
linkedin_satya,2024-12-11,"At Microsoft, we're focused on building technology that benefits everyone and addressing the world's most pressing challenges. Our latest AI innovations are designed with this responsibility in mind - empowering people and organizations while ensuring the technology is developed safely and inclusively.",750000,32000
linkedin_sheryl,2024-11-21,"Today at the Women's Leadership Forum, I was reminded of how far we've come and how far we still have to go. Companies with diverse leadership consistently outperform their peers, yet women remain underrepresented in senior roles. The business case for inclusion has never been clearer.",520000,18000
# Similar content from different professionals (challenging test cases)
linkedin_marc,2024-12-02,"As 2024 comes to a close, I'm grateful for our Salesforce team's dedication to customer success and our core values. The Salesforce ecosystem now supports millions of jobs globally, and we're just getting started. Our commitment to responsible innovation and stakeholder capitalism will guide us in 2025.",450000,15000
linkedin_richard,2024-12-07,"Just published my latest blog reflecting on lessons learned this year. In times of rapid change, the companies that stay true to their purpose while embracing innovation are the ones that thrive. I remain convinced that business can and must be a force for good in addressing our shared challenges.",680000,24000
linkedin_indra,2024-11-18,"My recent visit to India reinforced my belief in the country's entrepreneurial spirit. The combination of technical talent, market opportunity, and innovative thinking positions India uniquely in the global economy. Leaders who understand both local context and global trends will create the next generation of breakthrough companies.",320000,12000
linkedin_marissa,2024-12-12,"Technology should enhance human connection, not replace it. At Sunshine, we're building products that help people manage the digital overwhelm and focus on what matters. The next frontier of innovation will be about creating more meaningful, intentional relationships with technology.",280000,9500
linkedin_sheryl,2024-11-22,"Research consistently shows that mentorship is a critical factor in career advancement, especially for underrepresented groups. Today I had the privilege of speaking with emerging women leaders in technology about building support networks and navigating career challenges. Their questions and insights were inspiring.",380000,14000
